{"cameraMode":{"drawMode":0,"name":"Shaded","section":"Shading Mode"},"sceneLighting":true,"audioPlay":false,"sceneViewState":{"m_AlwaysRefresh":false,"showFog":true,"showSkybox":true,"showFlares":true,"showImageEffects":true,"showParticleSystems":true,"showVisualEffectGraphs":true,"m_FxEnabled":true},"in2DMode":false,"pivot":{"x":5.1685357093811039,"y":16.420976638793947,"z":14.724260330200196},"rotation":{"x":0.3100593686103821,"y":-0.15855500102043153,"z":0.0525335893034935,"w":0.9359580874443054},"size":9.553316116333008,"orthographic":false}