{"cameraMode":{"drawMode":0,"name":"Shaded","section":"Shading Mode"},"sceneLighting":false,"audioPlay":false,"sceneViewState":{"m_AlwaysRefresh":false,"showFog":true,"showSkybox":false,"showFlares":true,"showImageEffects":true,"showParticleSystems":true,"showVisualEffectGraphs":true,"m_FxEnabled":true},"in2DMode":false,"pivot":{"x":0.14150476455688477,"y":3.2534422874450685,"z":0.15557503700256349},"rotation":{"x":0.016807163134217264,"y":-0.718262255191803,"z":0.01812618225812912,"w":0.695498526096344},"size":5.386106014251709,"orthographic":false}