{"cameraMode":{"drawMode":0,"name":"Shaded","section":"Shading Mode"},"sceneLighting":false,"audioPlay":false,"sceneViewState":{"m_AlwaysRefresh":false,"showFog":true,"showSkybox":false,"showFlares":true,"showImageEffects":true,"showParticleSystems":true,"showVisualEffectGraphs":true,"m_FxEnabled":true},"in2DMode":false,"pivot":{"x":-0.000002384185791015625,"y":12.401166915893555,"z":0.12447977066040039},"rotation":{"x":-0.08819863200187683,"y":0.6639463305473328,"z":-0.07931821793317795,"w":-0.7383228540420532},"size":15.434922218322754,"orthographic":false}